<?xml version="1.0" encoding="UTF-8"?>
<!DOCTYPE suite SYSTEM "http://testng.org/testng-1.0.dtd">
<suite name="Suite" parallel="false">
  <test name="TestCase1">
    <classes>
      <class name="testCase.TestCase1_AddProductToCart"/>
    </classes>
  </test> <!-- Test -->
  
    <test name="TestCase2">
    <classes>
      <class name="testCase.TestCase2_ClickEverySideMenuLink"/>
    </classes>
  </test> <!-- Test -->
  
    <test name="TestCase3">
    <classes>
      <class name="testCase.TestCase3_ChangeLocationFromCollectionsPage"/>
    </classes>
  </test> <!-- Test -->
</suite> <!-- Suite -->
