<?xml version="1.0" encoding="UTF-8"?>
<!DOCTYPE suite SYSTEM "http://testng.org/testng-1.0.dtd">
<suite name="Suite" parallel="none">
  <test name="RegressionTest">
    <classes>
      <class name="loginTest.AllFieldsDisplayedUI"/>
      <class name="loginTest.BlankFields"/>
      <class name="loginTest.IncorrectEmailOrPhoneNumber"/>
      <class name="loginTest.IncorrectPassword"/>
      <class name="loginTest.LoginInSuccessfull"/>
      
      <class name="registrationTest.AllBlankFields"/>
      <class name="registrationTest.AllFieldsDisplyedUI"/>
      <class name="registrationTest.AllFieldValidation"/>
      <class name="registrationTest.duplicateUser"/>
      <class name="registrationTest.RegistrationSuccesfull"/>
      
    </classes>
  </test> <!-- Test -->
</suite> <!-- Suite -->
